{
  "cacheBootResources": true,
  "config": [ ],
  "debugBuild": false,
  "entryAssembly": "Net.ServiceBus.Client",
  "icuDataMode": 0,
  "linkerEnabled": true,
  "resources": {
    "assembly": {
      "Microsoft.AspNetCore.Components.dll": "sha256-\/EZ2Wjk\/SILOdGLc1hRqok\/zqj7fZ73vvYDjjO2C4wU=",
      "Microsoft.AspNetCore.Components.Web.dll": "sha256-eJD83FRQvz4SIIRROxybH24yTv0YbDVo4VEwFqd8Wr8=",
      "Microsoft.AspNetCore.Components.WebAssembly.dll": "sha256-x250JKThZfGMDpAIM4Wysh8J7krn7XT0m0TA7D6RfvQ=",
      "Microsoft.AspNetCore.Connections.Abstractions.dll": "sha256-k2qqpMLSqFvWFMxhW5n8OlGLowGOttbCdSsNgWO\/Jeo=",
      "Microsoft.AspNetCore.Http.Connections.Client.dll": "sha256-w+EAv300i5ZG3TV+dXZputtF82HWeKUm9B\/L9jsH\/X0=",
      "Microsoft.AspNetCore.Http.Connections.Common.dll": "sha256-uUrabo2xpp6tr1eRgAI4GG3ybCIWgehpg6R69cfoynk=",
      "Microsoft.AspNetCore.SignalR.Client.Core.dll": "sha256-KRo8pfrc\/VE8xvUAfFere3IYVYNKgZZkSOVguSJrQiM=",
      "Microsoft.AspNetCore.SignalR.Client.dll": "sha256-OfsK7vD6k+EhMxudRALmoKsyKBSaDwQDbUft12XM3+M=",
      "Microsoft.AspNetCore.SignalR.Common.dll": "sha256-Er\/9a39lrEEyA\/IOX7jXWWKajqBYysLTGxn+gjm+E\/0=",
      "Microsoft.AspNetCore.SignalR.Protocols.Json.dll": "sha256-BAeMUV8uO8bbni2uKMSFNPTDu5h6UmlEM1Mp4uepSKk=",
      "Microsoft.Extensions.Configuration.Abstractions.dll": "sha256-yNUivmV4a48Mkbc1Sz+XJ9Y8moJKjWJo6Z0haFMFrKQ=",
      "Microsoft.Extensions.Configuration.dll": "sha256-OWH+xkIa4nRWGQutqm7dxgAY22jFGJlC+P6RzpDPrBE=",
      "Microsoft.Extensions.Configuration.Json.dll": "sha256-boSewHLerYdMMQk1EahIMSbAXSrf7Kgky4CGjZ3uuto=",
      "Microsoft.Extensions.DependencyInjection.Abstractions.dll": "sha256-Zv1VxyxzhN12fzYNYzTS\/FMV1mVnLKt1YZZOiks0mOc=",
      "Microsoft.Extensions.DependencyInjection.dll": "sha256-Tp5zDFaHR2NBQU9zm0ePgm4q84IJasATdQNv6me1LtE=",
      "Microsoft.Extensions.Features.dll": "sha256-buwzkNdED9P0MXQpETvuhfILcchUhpy3upET3EzAXbQ=",
      "Microsoft.Extensions.Logging.Abstractions.dll": "sha256-KlotVQQ+AdhQaqulvgW7uaw\/s3mqHuHcqGxVg4CEa9I=",
      "Microsoft.Extensions.Logging.dll": "sha256-fBW3KrJJlHtIjYR6\/BJT82+enResUQBbfk9Vi+1B08Y=",
      "Microsoft.Extensions.Options.dll": "sha256-P0D4G8tvHyfwKnITI89S8K1YF1poldYCmd\/W1m4E7IU=",
      "Microsoft.Extensions.Primitives.dll": "sha256-Kk9trPYi6xuop+bJh7AertZVcNJkEyzyxW3andlyf5U=",
      "Microsoft.JSInterop.dll": "sha256-0CQPLSq1yKZV\/js+sBdrwV86Gpcky32r+w\/L0IXWRqo=",
      "Microsoft.JSInterop.WebAssembly.dll": "sha256-ZvHWrxEeEN5h9m1gPb4wOyKkjA8F4fUhyUaYoFYr7IU=",
      "Microsoft.Win32.Primitives.dll": "sha256-AuLk3Tm7H\/yWKHVUKcdYbcPT8TEaqiC1mASbTZavXRk=",
      "Net.ServiceBus.Client.dll": "sha256-zvPj60aLGCopi5ykygFgUgWYsEfXt+11u\/rgPUWNlNc=",
      "System.Collections.Concurrent.dll": "sha256-lTREAjBdiazO+VlnMMgUbu1+9rgnZveKNWds87tDLBg=",
      "System.Collections.dll": "sha256-1bQHn09FDmzElESq4cqqxDDJ2a7nkXG55ZpWJKIta60=",
      "System.Collections.NonGeneric.dll": "sha256-MXglLK7p6+kGHwmiWeJCcSE9GTbOJwnuZnT\/TTJJ+\/g=",
      "System.ComponentModel.dll": "sha256-FwvUyO1L86X6SFYYN75RKhxCVBkNrBdiZCjvwM4zOS0=",
      "System.IO.Pipelines.dll": "sha256-ZqDSDeH28UuCcbUimzRq28B9mvpo+QHi0QuXuk\/E5Ts=",
      "System.Linq.dll": "sha256-papiUPKV8b1XuKsrtRwY5QCpEpW1p67is4JOQm95mAQ=",
      "System.Linq.Expressions.dll": "sha256-\/iI65Yv1Pga8h8YsFJDN79yrbGB4vXX14eaFIU7t9CA=",
      "System.Memory.dll": "sha256-M0K6tlAXGKMgGpvke45k8PTKwYLPAIFgq13\/iqVIBrw=",
      "System.Net.Http.dll": "sha256-8dJByyyMCsYsDf0pKM++T1+SPqavcGV\/iCLdc1UVpvE=",
      "System.Net.Http.Json.dll": "sha256-v+\/1xq480SQq+ddYC\/oUQ9GihRfaCx7ocp2IPWr6QP8=",
      "System.Net.Primitives.dll": "sha256-L\/9DwMDoMHjK30\/cMNespF4+K\/Lvu20zQ2oksYG2jqQ=",
      "System.Net.Requests.dll": "sha256-pK20X+koFfsf0vq9kLKlN0HC3pUNkO2ciIBWo9NXNkA=",
      "System.Net.Security.dll": "sha256-sUmm1upejgL3freszGeCE7tQsn7D9ew0PgNREoi+qVI=",
      "System.Net.Sockets.dll": "sha256-22gCoRdVnByBIVcdLcS18YL3jYRYffaEIeL5JZTsRR8=",
      "System.Net.WebSockets.Client.dll": "sha256-Qikh755PPPBq+F88D0y4gwf+viQ2fCvXz0AlRyqf0Hs=",
      "System.Net.WebSockets.dll": "sha256-XTKo0wIYfwSFL4p4x+9xbXGWw0YCbqQVYayzvuOc5sc=",
      "System.ObjectModel.dll": "sha256-AjONxAQXK\/8idsXEF+riCd8Phr\/cGC8cE0PZU6kBQ+8=",
      "System.Private.CoreLib.dll": "sha256-H2zQGzu8ePRzI0zJyEqSzk2VKkuabAfj0SoA1h4D0sc=",
      "System.Private.Runtime.InteropServices.JavaScript.dll": "sha256-VZqG6FHD1EMQRir404RXnpCzXOj\/9jmAKiAFBM3xtjI=",
      "System.Private.Uri.dll": "sha256-KBvn0dCNv+9qfcmLKi+PpqkPUk\/9lPcydVN7+6YoTXs=",
      "System.Runtime.CompilerServices.Unsafe.dll": "sha256-OPSo5EHU0reQeIKLhLAz3x9kgcCl1hJ+AmJZOzwMLZ0=",
      "System.Runtime.dll": "sha256-5\/yX4jWAm8QtqVzrEBCaE8rOyYtfKx63Y6gNdutnFBU=",
      "System.Runtime.InteropServices.RuntimeInformation.dll": "sha256-3Wcy32D4K3YFhyiExAtjaN71DEfpcwt9guFZ27i0b9I=",
      "System.Security.Claims.dll": "sha256-Az9fpIcuZ01ggGRnjZRorquCKUxTfKJDNbpNQML7J6Q=",
      "System.Security.Cryptography.X509Certificates.dll": "sha256-0cwQ4Uq0uJuGAY4GM+2M4IqMBxzf1VsdgejTuudxqsc=",
      "System.Text.Encoding.Extensions.dll": "sha256-9+kjzn39K7Cs2u4bIzu23JJsrjROTmFcetfX6Wzz2wA=",
      "System.Text.Encodings.Web.dll": "sha256-eegpn1YUyCHTtZcgbKj326SKssHN7S8H1qGN7YViN1U=",
      "System.Text.Json.dll": "sha256-caueAf\/UiUeDmB68SwUb2XFq2kkQAiAuF3MAYZsQ3NA=",
      "System.Threading.Channels.dll": "sha256-sqneUAZo\/Rk1aLqO9WWGjcEVPH1L052cbvHWJExyFKQ=",
      "System.Threading.dll": "sha256-4KY2ASibMEviQ30cazenb+peIq2Cyxcw75hMOzXorwI=",
      "System.Threading.ThreadPool.dll": "sha256-FD+iR7z2flBL2TLIqHD4NO+eGAGcyTlUTJ2wCCKg5so="
    },
    "extensions": null,
    "lazyAssembly": null,
    "libraryInitializers": null,
    "pdb": null,
    "runtime": {
      "dotnet.6.0.9.cr8701loy2.js": "sha256-Azk5sbYFVo84h8NpIst9roIPGLH2y8ewQ9SY\/sUHvgs=",
      "dotnet.timezones.blat": "sha256-DCornv7RwGmh5F2M7NdY9Sg66xjw779ggSN9nS\/Br5o=",
      "dotnet.wasm": "sha256-CRSVnpjT1ALt26HB3lpmfQTd8vkIZUsIJDBHucyzQ7Y=",
      "icudt_CJK.dat": "sha256-WPyI4hWDPnOw62Nr27FkzGjdbucZnQD+Ph+GOPhAedw=",
      "icudt_EFIGS.dat": "sha256-4RwaPx87Z4dvn77ie\/ro3\/QzyS+\/gGmO3Y\/0CSAXw4k=",
      "icudt_no_CJK.dat": "sha256-OxylFgLJlFqixsj+nLxYVsv5iZLvfIKMpLf9hrWaChA=",
      "icudt.dat": "sha256-Zuq0dWAsBm6\/2lSOsz7+H9PvFaRn61KIXHMMwXDfvyE="
    },
    "runtimeAssets": {
      "dotnet.wasm": {
        "behavior": "dotnetwasm",
        "hash": "sha256-CRSVnpjT1ALt26HB3lpmfQTd8vkIZUsIJDBHucyzQ7Y="
      }
    },
    "satelliteResources": null
  }
}